1,srewcastle0,4,1389,Rewcastle,11/4/2017,50
2,flerego1,4,994,Lerego,28/12/2016,25
3,hcleminson2,4,2347,Cleminson,6/10/2016,45
4,bpinkard3,4,1081,Pinkard,9/4/2017,25
5,mgiorgini4,4,431,Giorgini,15/2/2017,39
6,kmceneny5,5,1843,McEneny,30/12/2016,49
7,apearcy6,4,2265,Pearcy,24/7/2016,8
8,rdealmeida7,3,976,de Almeida,20/5/2017,45
9,jvassall8,4,2438,Vassall,11/3/2017,55
10,jsabatier9,1,1530,Sabatier,25/9/2016,46
11,gkleinmintza,2,1184,Kleinmintz,5/5/2017,51
12,smakeyb,4,1072,Makey,2/8/2016,16
13,tdyerc,5,2300,Dyer,17/7/2016,18
14,faphaled,4,767,Aphale,30/6/2016,42
15,kmcleane,1,920,McLean,20/6/2016,18
16,globbef,2,2106,Lobbe,4/3/2017,1
17,zlachezeg,2,2385,Lacheze,29/6/2016,43
18,cstearnh,4,1905,Stearn,16/6/2017,38
19,hlemmei,3,1909,Lemme,12/10/2016,32
20,lbamseyj,4,596,Bamsey,27/10/2016,34
21,bquinceek,2,416,Quincee,18/7/2016,24
22,kfoulkesl,2,1780,Foulkes,27/9/2016,26
23,mcomstym,5,2320,Comsty,4/2/2017,4
24,rratteryn,5,1257,Rattery,16/10/2016,7
25,mbeddieo,2,705,Beddie,9/3/2017,5
26,ileadp,4,1930,Lead,4/3/2017,55
27,jskipseaq,2,1259,Skipsea,20/12/2016,23
28,dbrodier,2,776,Brodie,17/8/2016,44
29,qpricketts,3,832,Prickett,27/12/2016,2
30,dfuentet,4,2138,Fuente,8/2/2017,49
31,wlisimoreu,4,2432,Lisimore,21/12/2016,50
32,gnemchinovv,2,2055,Nemchinov,24/11/2016,14
33,scicconettiiw,4,1514,Cicconettii,19/6/2017,5
34,dmcilwreathx,1,1400,McIlwreath,12/3/2017,28
35,ghardisony,5,2147,Hardison,9/12/2016,13
36,cjirickaz,4,658,Jiricka,17/6/2017,55
37,rschaffler10,1,666,Schaffler,13/2/2017,7
38,mgudgeon11,4,801,Gudgeon,6/7/2016,49
39,nclara12,1,1099,Clara,17/9/2016,14
40,sdwelly13,1,1871,Dwelly,11/2/2017,35
41,mcarlet14,2,2238,Carlet,17/10/2016,5
42,wlawrenz15,1,389,Lawrenz,8/10/2016,18
43,raikin16,1,1668,Aikin,18/1/2017,4
44,wdiego17,3,1310,Diego,24/4/2017,50
45,cinglish18,4,1220,Inglish,29/9/2016,11
46,mpatient19,3,2052,Patient,8/11/2016,21
47,atomaszczyk1a,4,1137,Tomaszczyk,9/11/2016,11
48,hmcilmorie1b,5,1275,McIlmorie,3/8/2016,32
49,adefreyne1c,3,1020,De Freyne,17/7/2016,22
50,kbrook1d,5,1547,Brook,28/8/2016,54
51,bbernardin1e,4,1337,Bernardin,28/12/2016,49
52,kbuckthought1f,1,1426,Buckthought,16/12/2016,11
53,tvannini1g,4,1489,Vannini,9/1/2017,2
54,lbeddoe1h,1,1872,Beddoe,26/3/2017,13
55,fmadner1i,1,857,Madner,24/12/2016,44
56,ksentinella1j,2,1471,Sentinella,25/2/2017,29
57,mmasic1k,2,1471,Masic,13/8/2016,37
58,rmacclinton1l,1,2306,MacClinton,15/8/2016,1
59,mrodie1m,2,2375,Rodie,1/6/2017,20
60,mbellino1n,4,2247,Bellino,25/8/2016,34
61,alaughnan1o,2,2349,Laughnan,22/11/2016,46
62,dlemmertz1p,2,1032,Lemmertz,28/4/2017,4
63,cpetriello1q,4,1332,Petriello,9/1/2017,42
64,neouzan1r,2,802,Eouzan,18/10/2016,16
65,espeechley1s,5,1782,Speechley,20/1/2017,48
66,tmcleman1t,2,2223,McLeman,11/11/2016,27
67,jmacquist1u,4,1429,MacQuist,1/1/2017,11
68,rmeins1v,5,1935,Meins,25/3/2017,39
69,gfurst1w,3,2245,Furst,20/5/2017,6
70,rsandall1x,1,1187,Sandall,5/2/2017,27
71,bcarren1y,4,1849,Carren,20/4/2017,10
72,ydiroberto1z,5,1381,Di Roberto,5/1/2017,27
73,gdonaho20,4,1664,Donaho,3/11/2016,23
74,lwyllie21,2,2181,Wyllie,1/1/2017,25
75,jferroli22,3,2131,Ferroli,6/10/2016,34
76,gmargram23,2,570,Margram,7/5/2017,41
77,mgronow24,4,1189,Gronow,25/5/2017,39
78,cmattussevich25,2,629,Mattussevich,5/7/2016,48
79,rdudley26,1,814,Dudley,25/7/2016,21
80,thars27,3,1913,Hars,30/8/2016,40
81,vmalek28,2,1250,Malek,30/11/2016,25
82,glacelett29,3,1405,Lacelett,22/9/2016,44
83,lkelleher2a,4,1413,Kelleher,11/7/2016,44
84,anoone2b,1,623,Noone,14/10/2016,15
85,klossman2c,1,1221,Lossman,14/3/2017,43
86,dniaves2d,5,744,Niaves,24/5/2017,40
87,dnelissen2e,3,1972,Nelissen,3/5/2017,7
88,lemmert2f,3,1105,Emmert,21/6/2016,42
89,vclinning2g,3,1388,Clinning,21/4/2017,30
90,nconnichie2h,4,1178,Connichie,20/1/2017,40
91,mmabey2i,2,1180,Mabey,14/12/2016,14
92,lduerdin2j,4,2477,Duerdin,31/8/2016,54
93,wbruster2k,4,1263,Bruster,11/9/2016,40
94,flambrick2l,4,997,Lambrick,14/1/2017,47
95,rmacneely2m,4,1494,MacNeely,23/8/2016,26
96,mgrier2n,5,1450,Grier,27/10/2016,2
97,kwickmann2o,4,1379,Wickmann,21/2/2017,23
98,bbarti2p,3,673,Barti,21/1/2017,4
99,jpunshon2q,2,1577,Punshon,29/12/2016,27
100,heicheler2r,1,533,Eicheler,15/7/2016,27
101,ldelacey2s,1,1738,De Lacey,6/9/2016,51
102,gbaudacci2t,5,1672,Baudacci,28/11/2016,6
103,sruckman2u,4,850,Ruckman,29/12/2016,44
104,ofine2v,2,2048,Fine,11/8/2016,4
105,ckave2w,1,2306,Kave,14/9/2016,28
106,morgill2x,1,764,Orgill,5/11/2016,35
107,cmartinat2y,1,1886,Martinat,26/8/2016,44
108,cdreghorn2z,5,791,Dreghorn,27/7/2016,29
109,fmoukes30,3,1667,Moukes,28/9/2016,30
110,erowbottom31,5,1008,Rowbottom,3/1/2017,9
111,lcrease32,4,2475,Crease,3/1/2017,34
112,spalay33,3,2187,Palay,25/11/2016,12
113,jcharkham34,2,875,Charkham,3/2/2017,55
114,ballden35,1,551,Allden,29/11/2016,9
115,epalke36,3,1444,Palke,12/11/2016,42
116,ehully37,1,2332,Hully,12/11/2016,7
117,tdyzart38,2,1573,Dyzart,5/4/2017,30
118,bantoinet39,3,1633,Antoinet,23/3/2017,9
119,cblois3a,1,985,Blois,7/4/2017,40
120,bleys3b,4,1016,Leys,2/9/2016,29
121,jwhatsize3c,5,2194,Whatsize,1/7/2016,9
122,rplank3d,5,525,Plank,6/11/2016,9
123,gborland3e,1,1061,Borland,8/9/2016,34
124,sgreenless3f,1,693,Greenless,22/6/2016,47
125,keilles3g,2,374,Eilles,2/8/2016,6
126,gsterrie3h,1,2403,Sterrie,9/12/2016,42
127,etreves3i,4,2160,Treves,12/2/2017,34
128,asneesby3j,5,1411,Sneesby,2/9/2016,18
129,amaccague3k,1,2342,MacCague,18/3/2017,33
130,iskarman3l,2,939,Skarman,22/1/2017,3
131,kedwicke3m,5,1978,Edwicke,15/9/2016,10
132,ltalbot3n,2,1581,Talbot,15/6/2017,16
133,rteligin3o,1,2464,Teligin,10/12/2016,50
134,gpulteneye3p,2,1121,Pulteneye,23/3/2017,50
135,ogerasch3q,2,1734,Gerasch,30/8/2016,8
136,wgammons3r,1,1517,Gammons,21/12/2016,54
137,gmcconnel3s,5,2440,McConnel,24/11/2016,22
138,aelkins3t,4,302,Elkins,6/4/2017,17
139,scromb3u,3,499,Cromb,3/12/2016,45
140,epaule3v,3,2351,Paule,6/3/2017,34
141,hbratty3w,4,1163,Bratty,29/3/2017,21
142,olohde3x,4,2054,Lohde,2/3/2017,14
143,foda3y,2,2261,Oda,27/5/2017,30
144,tbollard3z,2,1026,Bollard,17/10/2016,17
145,dduinkerk40,4,1346,Duinkerk,2/1/2017,55
146,rkeld41,2,1267,Keld,12/6/2017,37
147,ealeksidze42,4,1066,Aleksidze,10/7/2016,17
148,lleadston43,5,1677,Leadston,10/3/2017,12
149,rsomerscales44,2,1605,Somerscales,4/1/2017,39
150,bgullen45,4,1703,Gullen,8/2/2017,36
151,cdark46,1,1139,Dark,3/7/2016,35
152,cdumphy47,3,2176,Dumphy,27/8/2016,30
153,jgarden48,3,1999,Garden,27/7/2016,47
154,pleigh49,3,1962,Leigh,2/7/2016,33
155,nmerrin4a,5,1013,Merrin,28/4/2017,17
156,ahulles4b,4,1929,Hulles,15/12/2016,20
157,rcow4c,5,2146,Cow,16/11/2016,36
158,mgosalvez4d,3,1393,Gosalvez,9/5/2017,41
159,iwesterman4e,5,899,Westerman,28/11/2016,13
160,amannion4f,1,1676,Mannion,23/6/2016,10
161,erobet4g,1,1195,Robet,5/12/2016,26
162,asambiedge4h,2,2432,Sambiedge,17/1/2017,34
163,abannister4i,3,1478,Bannister,12/12/2016,13
164,mvamplus4j,2,1153,Vamplus,22/9/2016,19
165,kyakutin4k,4,2479,Yakutin,30/10/2016,34
166,mmccoughan4l,2,1835,McCoughan,22/11/2016,8
167,rwaller4m,2,340,Waller,28/5/2017,27
168,dteresi4n,4,1595,Teresi,9/10/2016,8
169,jmalin4o,3,2204,Malin,1/3/2017,49
170,mmanneville4p,2,669,Manneville,19/6/2017,2
171,ghaster4q,1,1573,Haster,18/4/2017,34
172,tstelljes4r,5,2404,Stelljes,16/11/2016,5
173,mtilt4s,5,1668,Tilt,3/3/2017,25
174,fboyat4t,5,532,Boyat,18/3/2017,21
175,gsperring4u,2,519,Sperring,30/3/2017,23
176,dohartagan4v,5,2206,O'Hartagan,16/4/2017,9
177,imulcaster4w,4,2127,Mulcaster,25/12/2016,5
178,sboyda4x,3,1937,Boyda,17/1/2017,3
179,bfildery4y,4,419,Fildery,11/1/2017,32
180,tfley4z,1,1461,Fley,5/10/2016,20
181,avolke50,2,1831,Volke,17/1/2017,23
182,kpatron51,3,1657,Patron,8/5/2017,32
183,ssexstone52,4,2249,Sexstone,8/2/2017,49
184,reverton53,3,1889,Everton,5/4/2017,24
185,akillbey54,5,938,Killbey,5/9/2016,21
186,rgrane55,5,521,Grane,3/4/2017,46
187,cdayer56,5,1998,Dayer,17/10/2016,50
188,galeavy57,3,728,Aleavy,11/7/2016,35
189,millem58,1,1899,Illem,1/5/2017,3
190,vphittiplace59,2,2207,Phittiplace,11/7/2016,2
191,cmunden5a,5,1029,Munden,25/2/2017,5
192,nnaismith5b,1,1153,Naismith,20/3/2017,36
193,hmarchello5c,3,738,Marchello,14/6/2017,15
194,acrut5d,2,2071,Crut,17/3/2017,40
195,bhenzer5e,5,1008,Henzer,9/9/2016,4
196,wliley5f,4,1632,Liley,16/6/2017,32
197,mchaudron5g,4,593,Chaudron,7/8/2016,37
198,ftirone5h,2,2255,Tirone,6/7/2016,7
199,mwibrow5i,2,2075,Wibrow,24/2/2017,38
200,npearl5j,5,1853,Pearl,24/4/2017,6
201,kcowmeadow5k,2,343,Cowmeadow,25/3/2017,42
202,bhendrikse5l,1,2459,Hendrikse,29/9/2016,9
203,alangstone5m,1,2451,Langstone,13/5/2017,33
204,soakly5n,2,589,Oakly,24/11/2016,20
205,acudde5o,1,1432,Cudde,8/6/2017,36
206,htubritt5p,5,2477,Tubritt,27/11/2016,53
207,ceshmade5q,1,429,Eshmade,28/6/2016,8
208,dhofer5r,3,809,Hofer,1/10/2016,44
209,klello5s,5,676,Lello,10/1/2017,20
210,gcoonihan5t,2,960,Coonihan,21/2/2017,32
211,sizod5u,3,2290,Izod,30/1/2017,15
212,rgounot5v,5,1481,Gounot,17/5/2017,33
213,kpollok5w,5,499,Pollok,9/11/2016,38
214,akermit5x,2,2363,Kermit,6/5/2017,55
215,gdooly5y,5,477,Dooly,1/4/2017,20
216,ldebenham5z,4,2143,Debenham,11/9/2016,2
217,lriepl60,4,1582,Riepl,9/2/2017,44
218,cporson61,4,503,Porson,18/1/2017,35
219,gbranscomb62,4,787,Branscomb,24/7/2016,41
220,dglasson63,3,1372,Glasson,28/10/2016,43
221,bdragonette64,2,440,Dragonette,28/5/2017,29
222,rsaer65,3,1794,Saer,27/12/2016,23
223,cgisborne66,5,678,Gisborne,2/7/2016,8
224,dyokel67,1,1950,Yokel,24/9/2016,47
225,tmessruther68,1,310,Messruther,29/11/2016,6
226,fchidzoy69,2,1171,Chidzoy,4/4/2017,5
227,ocolcomb6a,1,2044,Colcomb,30/4/2017,23
228,aparkman6b,2,2384,Parkman,29/12/2016,11
229,lsquibbes6c,5,1545,Squibbes,5/3/2017,52
230,etrowle6d,1,1058,Trowle,23/1/2017,47
231,dtill6e,1,2398,Till,6/4/2017,23
232,cnightingale6f,2,1168,Nightingale,5/4/2017,34
233,ipaoletti6g,1,516,Paoletti,28/1/2017,50
234,dkeggins6h,3,2304,Keggins,9/1/2017,3
235,gcloake6i,2,2400,Cloake,9/1/2017,51
236,ureedshaw6j,2,2391,Reedshaw,22/10/2016,13
237,gbasnett6k,5,1026,Basnett,27/9/2016,27
238,ehuthart6l,4,1034,Huthart,26/4/2017,23
239,hgrishkov6m,1,737,Grishkov,23/9/2016,6
240,tstaves6n,2,2236,Staves,4/12/2016,53
241,kcarp6o,4,1487,Carp,11/8/2016,13
242,mvigours6p,1,875,Vigours,3/2/2017,47
243,volekhov6q,4,2019,Olekhov,6/8/2016,22
244,kledwitch6r,3,2001,Ledwitch,15/1/2017,34
245,adeetlefs6s,2,1756,Deetlefs,20/3/2017,9
246,erohfsen6t,5,875,Rohfsen,9/8/2016,10
247,djanca6u,2,1961,Janca,4/2/2017,41
248,avaneev6v,5,1064,Vaneev,3/4/2017,6
249,amacgibbon6w,3,376,MacGibbon,9/1/2017,20
250,rserjeantson6x,1,1108,Serjeantson,12/6/2017,13
251,bferrettini6y,4,1639,Ferrettini,23/2/2017,42
252,labbatt6z,5,364,Abbatt,16/11/2016,47
253,asigert70,5,2131,Sigert,11/10/2016,46
254,fnolleth71,4,2184,Nolleth,16/2/2017,28
255,tbartelet72,4,1004,Bartelet,18/9/2016,7
256,gwillatt73,2,2055,Willatt,16/1/2017,10
257,vmartina74,2,949,Martina,19/9/2016,40
258,geveriss75,5,856,Everiss,24/5/2017,9
259,cmcruvie76,2,2362,McRuvie,9/9/2016,54
260,tmatous77,3,876,Matous,28/11/2016,3
261,ralexandrescu78,2,802,Alexandrescu,12/3/2017,6
262,vormerod79,5,1935,Ormerod,7/12/2016,20
263,jrichard7a,1,2004,Richard,14/12/2016,8
264,eplank7b,3,1503,Plank,24/11/2016,29
265,weller7c,1,2095,Eller,7/5/2017,45
266,blinklet7d,4,2355,Linklet,1/4/2017,19
267,wbrothers7e,2,1043,Brothers,6/6/2017,35
268,rfluit7f,2,1826,Fluit,7/11/2016,16
269,aivankin7g,1,810,Ivankin,2/1/2017,28
270,brolance7h,5,616,Rolance,20/12/2016,52
271,cconyers7i,5,2099,Conyers,30/7/2016,42
272,bgarbott7j,1,1881,Garbott,19/5/2017,36
273,lvenes7k,4,1978,Venes,11/3/2017,54
274,npenas7l,5,1733,Penas,22/3/2017,16
275,ndobeson7m,4,2086,Dobeson,22/12/2016,52
276,jleadbeatter7n,3,1248,Leadbeatter,18/10/2016,14
277,greneke7o,4,1315,Reneke,6/2/2017,48
278,bambrogini7p,4,1097,Ambrogini,19/9/2016,47
279,vshalloo7q,3,584,Shalloo,12/12/2016,45
280,hschollar7r,2,1858,Schollar,14/11/2016,54
281,movens7s,5,439,Ovens,4/5/2017,5
282,reric7t,1,1982,Eric,19/1/2017,45
283,dffoulkes7u,5,1611,Ffoulkes,23/8/2016,21
284,aswannie7v,1,1303,Swannie,1/6/2017,50
285,lmirfield7w,4,2341,Mirfield,23/8/2016,21
286,hwestman7x,3,368,Westman,9/9/2016,43
287,fbradman7y,4,1752,Bradman,4/4/2017,21
288,cstegers7z,5,1770,Stegers,25/4/2017,10
289,sollett80,3,386,Ollett,30/4/2017,12
290,gfree81,5,2462,Free,25/12/2016,18
291,orosel82,4,1353,Rosel,22/11/2016,9
292,kgroomebridge83,4,668,Groomebridge,7/1/2017,33
293,cwhitmell84,2,805,Whitmell,11/6/2017,8
294,achrishop85,4,1549,Chrishop,26/1/2017,3
295,sheinonen86,2,1596,Heinonen,2/3/2017,42
296,srichmond87,5,1607,Richmond,20/10/2016,5
297,ssimecek88,1,1547,Simecek,14/2/2017,17
298,ameasor89,3,867,Measor,10/8/2016,19
299,wphythean8a,4,697,Phythean,10/11/2016,49
300,gpuckey8b,4,2295,Puckey,2/3/2017,45
301,obrinkley8c,4,1818,Brinkley,9/5/2017,44
302,tgowland8d,1,458,Gowland,14/12/2016,31
303,dshoute8e,4,1243,Shoute,25/1/2017,10
304,kyakunikov8f,3,809,Yakunikov,3/4/2017,46
305,agroom8g,3,2027,Groom,8/2/2017,5
306,tpumfrey8h,5,1842,Pumfrey,9/5/2017,5
307,eovill8i,1,2064,Ovill,11/4/2017,26
308,ohugonneau8j,1,620,Hugonneau,20/11/2016,27
309,rhonsch8k,1,1009,Honsch,25/10/2016,2
310,achristofle8l,4,1685,Christofle,15/8/2016,25
311,wmcimmie8m,3,2062,Mcimmie,30/11/2016,29
312,okember8n,4,589,Kember,2/4/2017,37
313,ereis8o,2,1844,Reis,5/4/2017,10
314,slardeur8p,4,579,Lardeur,18/2/2017,24
315,fcreech8q,1,2146,Creech,20/10/2016,3
316,kidel8r,1,528,Idel,6/7/2016,28
317,vwiltshire8s,3,1049,Wiltshire,14/2/2017,50
318,aaskem8t,2,1242,Askem,16/6/2017,6
319,mmattei8u,4,2035,Mattei,5/12/2016,19
320,shorlick8v,4,2229,Horlick,25/11/2016,51
321,tmaides8w,3,469,Maides,28/6/2016,13
322,kmonkhouse8x,4,1713,Monkhouse,24/12/2016,35
323,dgrayshon8y,1,2299,Grayshon,9/4/2017,37
324,aspread8z,1,1390,Spread,11/1/2017,6
325,lginity90,3,1247,Ginity,23/10/2016,1
326,cverdey91,5,1129,Verdey,14/6/2017,48
327,bmcellen92,3,888,McEllen,29/8/2016,8
328,langus93,2,1290,Angus,20/9/2016,28
329,bnealand94,1,2363,Nealand,5/7/2016,53
330,mteacy95,1,999,Teacy,3/10/2016,42
331,rbullar96,5,2313,Bullar,9/12/2016,26
332,hbickle97,3,866,Bickle,19/8/2016,47
333,ncuolahan98,1,1030,Cuolahan,23/8/2016,27
334,scaldes99,2,2462,Caldes,22/3/2017,38
335,rcamelin9a,4,380,Camelin,24/11/2016,7
336,lpoupard9b,2,793,Poupard,10/10/2016,32
337,crabbitts9c,3,1193,Rabbitts,14/4/2017,3
338,dfranzel9d,3,423,Franzel,28/12/2016,33
339,jlargan9e,5,1941,Largan,25/8/2016,33
340,jhardison9f,4,2391,Hardison,9/6/2017,28
341,mnazair9g,1,681,Nazair,15/2/2017,9
342,trowan9h,3,501,Rowan,14/4/2017,44
343,tjzhakov9i,3,647,Jzhakov,24/8/2016,28
344,abecom9j,3,1449,Becom,8/6/2017,47
345,grizzetti9k,5,1344,Rizzetti,17/10/2016,13
346,thamel9l,5,2096,Hamel,31/5/2017,52
347,shayer9m,2,1896,Hayer,9/5/2017,2
348,fjiruca9n,2,1364,Jiruca,4/6/2017,25
349,tlefriec9o,5,2045,Le Friec,16/9/2016,49
350,fpozer9p,5,346,Pozer,14/9/2016,2
351,gcogan9q,3,1871,Cogan,15/1/2017,9
352,jdehn9r,2,2374,Dehn,16/6/2017,44
353,rposthill9s,1,1647,Posthill,7/6/2017,38
354,ccantos9t,5,419,Cantos,21/8/2016,48
355,fbraywood9u,1,1248,Braywood,21/10/2016,52
356,stearle9v,1,2273,Tearle,4/7/2016,5
357,dmatfin9w,3,1750,Matfin,7/11/2016,22
358,dgeroldini9x,5,588,Geroldini,21/9/2016,33
359,kdjordjevic9y,3,1558,Djordjevic,19/1/2017,32
360,mchapier9z,3,2106,Chapier,6/1/2017,50
361,ecapeloffa0,1,1381,Capeloff,18/6/2017,55
362,ishewsmitha1,3,2357,Shewsmith,2/3/2017,36
363,bheyburna2,1,2167,Heyburn,31/1/2017,21
364,clupartia3,4,322,Luparti,27/2/2017,14
365,jsmardona4,2,2096,Smardon,27/7/2016,49
366,ebraimea5,2,444,Braime,12/8/2016,7
367,cbunwortha6,2,2227,Bunworth,5/2/2017,12
368,sjasiaka7,5,1419,Jasiak,24/8/2016,51
369,mwintera8,3,819,Winter,8/3/2017,44
370,rbedsona9,2,2079,Bedson,23/8/2016,3
371,acursonsaa,1,1465,Cursons,23/8/2016,4
372,mnatonab,2,870,Naton,31/3/2017,15
373,bboldraac,2,1622,Boldra,18/7/2016,9
374,fbartrumad,3,1356,Bartrum,10/9/2016,13
375,nmuneelyae,1,654,Muneely,18/1/2017,3
376,ldiantonioaf,4,1695,Di Antonio,18/7/2016,34
377,smolenag,4,1104,Molen,26/9/2016,2
378,hganforthah,1,2220,Ganforth,12/4/2017,52
379,dtometai,5,2073,Tomet,22/4/2017,11
380,tcooneyaj,2,1542,Cooney,18/12/2016,54
381,ekrolak,5,1075,Krol,19/10/2016,11
382,gplaskettal,1,1257,Plaskett,5/9/2016,1
383,aianneam,1,1618,Ianne,18/5/2017,38
384,pgiacomazzoan,5,2216,Giacomazzo,11/5/2017,26
385,pdallmannao,5,511,Dallmann,21/1/2017,17
386,chammermanap,5,1843,Hammerman,28/2/2017,26
387,dsimenelaq,5,1800,Simenel,11/10/2016,20
388,gbarenskiear,3,1647,Barenskie,25/11/2016,7
389,bbremenas,4,1948,Bremen,6/8/2016,22
390,ojirieckat,3,2465,Jirieck,25/9/2016,18
391,gwhyleyau,3,1964,Whyley,19/1/2017,4
392,ofannav,1,504,Fann,24/4/2017,22
393,gmountstephenaw,1,786,Mountstephen,24/5/2017,43
394,rreadwingax,3,1134,Readwing,22/3/2017,38
395,smathesonay,2,1917,Matheson,26/3/2017,43
396,gcastreeaz,5,827,Castree,11/7/2016,45
397,cmuslab0,1,841,Musla,15/4/2017,14
398,joriginb1,5,1506,Origin,27/5/2017,54
399,rtheseirab2,2,970,Theseira,6/9/2016,20
400,abrittianb3,3,1398,Brittian,12/9/2016,41
401,bbartodb4,4,666,Bartod,5/3/2017,4
402,glabrumb5,1,1640,Labrum,9/2/2017,22
403,ggaitskillb6,2,1555,Gaitskill,6/3/2017,29
404,fvailb7,1,2310,Vail,27/8/2016,21
405,kgerrettb8,5,2268,Gerrett,5/12/2016,21
406,sangrickb9,5,1244,Angrick,19/5/2017,41
407,rcuerdaba,1,1631,Cuerda,16/7/2016,55
408,dpolesbb,3,1134,Poles,22/6/2016,44
409,bhessentalerbc,3,1825,Hessentaler,7/3/2017,2
410,tlegassickbd,4,1062,Le Gassick,9/12/2016,43
411,lberreclothbe,4,349,Berrecloth,8/1/2017,21
412,moakebf,2,328,Oake,22/1/2017,8
413,sfarringtonbg,5,463,Farrington,20/1/2017,22
414,vcornubh,2,795,Cornu,28/12/2016,54
415,nsantobi,2,1889,Santo,16/7/2016,5
416,mhehnkebj,3,928,Hehnke,19/5/2017,7
417,dhenrichsenbk,1,1458,Henrichsen,1/8/2016,21
418,kdestoopbl,2,710,De Stoop,17/8/2016,44
419,csegerbm,3,1536,Seger,24/12/2016,44
420,drenacbn,3,1718,Renac,21/3/2017,22
421,mcrackelbo,2,2150,Crackel,28/10/2016,53
422,rbrealeybp,3,1879,Brealey,18/1/2017,20
423,clavertybq,4,497,Laverty,19/11/2016,22
424,rpraterbr,3,1689,Prater,22/2/2017,2
425,tmoormanbs,4,1757,Moorman,11/7/2016,6
426,tstariesbt,2,880,Staries,30/10/2016,15
427,tkellowaybu,1,1693,Kelloway,16/8/2016,18
428,wvaggsbv,3,400,Vaggs,26/6/2016,24
429,gcoupmanbw,5,1774,Coupman,27/7/2016,30
430,fspringtorpbx,4,1472,Springtorp,11/3/2017,38
431,mkillimisterby,2,1910,Killimister,15/6/2017,25
432,tlarrattbz,4,1880,Larratt,15/8/2016,42
433,ehindrickc0,4,1720,Hindrick,28/11/2016,21
434,candratc1,1,1814,Andrat,4/1/2017,40
435,llumlyc2,1,663,Lumly,3/1/2017,50
436,zlockwoodc3,4,1394,Lockwood,23/9/2016,1
437,mgoneyc4,4,1003,Goney,3/4/2017,50
438,cshooterc5,3,1501,Shooter,30/12/2016,31
439,hfrydc6,4,1575,Fryd,21/2/2017,34
440,wkordovac7,4,2260,Kordova,30/9/2016,34
441,stubbyc8,2,1351,Tubby,22/10/2016,47
442,slissimorec9,1,2088,Lissimore,11/3/2017,22
443,ofransinellica,5,2405,Fransinelli,26/2/2017,21
444,cstillcb,1,768,Still,24/2/2017,52
445,clamputtcc,5,2399,Lamputt,23/2/2017,44
446,mdisdelcd,5,2340,Disdel,5/12/2016,8
447,shebdence,5,333,Hebden,16/9/2016,11
448,jmabercf,2,1066,Maber,6/7/2016,7
449,mdennickcg,4,2483,Dennick,22/10/2016,32
450,sgyurkoch,2,2114,Gyurko,13/11/2016,14
451,dlathburyci,4,1707,Lathbury,6/2/2017,48
452,bellwoodcj,1,1235,Ellwood,12/10/2016,22
453,emaunck,3,1789,Maun,30/11/2016,20
454,mablecl,4,1741,Able,21/4/2017,18
455,ahandfordcm,3,1319,Handford,22/1/2017,55
456,ffrudecn,3,730,Frude,16/5/2017,43
457,kfludderco,4,2181,Fludder,11/9/2016,20
458,agovecp,1,1712,Gove,24/2/2017,32
459,sleguincq,1,463,Le Guin,7/7/2016,44
460,mgonoudecr,2,1756,Gonoude,16/12/2016,34
461,ebrakercs,1,516,Braker,15/7/2016,23
462,lentresct,1,1647,Entres,28/3/2017,7
463,seasuncu,3,1181,Easun,21/4/2017,54
464,kholdforthcv,2,487,Holdforth,28/7/2016,10
465,wrebillardcw,3,2178,Rebillard,10/11/2016,32
466,trubbertscx,5,2134,Rubberts,2/3/2017,32
467,fsterzakercy,1,637,Sterzaker,25/8/2016,50
468,rruslencz,2,2449,Ruslen,18/6/2017,24
469,ebehned0,3,1861,Behne,19/8/2016,1
470,ahabdend1,5,1898,Habden,29/6/2016,34
471,scummingd2,2,595,Cumming,22/3/2017,21
472,bnajafiand3,2,2448,Najafian,24/6/2016,50
473,dgergusd4,5,2497,Gergus,11/11/2016,25
474,jcaffreyd5,3,2223,Caffrey,22/11/2016,50
475,darnked6,3,885,Arnke,26/7/2016,8
476,ecaneped7,4,2090,Canepe,10/5/2017,9
477,lferraresid8,3,1560,Ferraresi,23/2/2017,47
478,cskeathd9,1,573,Skeath,19/5/2017,23
479,rautenda,3,1443,Auten,18/6/2017,53
480,adiemerdb,2,2342,Diemer,8/8/2016,53
481,cmacfadindc,5,1494,MacFadin,2/12/2016,23
482,cbienvenudd,1,1237,Bienvenu,29/9/2016,41
483,wspadazzide,5,1661,Spadazzi,26/5/2017,13
484,jphizackerlydf,3,1797,Phizackerly,7/5/2017,14
485,skohlertdg,2,913,Kohlert,21/4/2017,20
486,ltebbdh,1,2000,Tebb,24/7/2016,5
487,adottridgedi,4,1195,Dottridge,15/3/2017,40
488,pbrideaudj,2,732,Brideau,19/11/2016,30
489,sfaircloughdk,1,1267,Fairclough,7/9/2016,40
490,mmaddocksdl,3,1473,Maddocks,1/5/2017,12
491,breamandm,2,616,Reaman,30/4/2017,46
492,sheinerdn,1,2210,Heiner,31/1/2017,3
493,jnassydo,2,883,Nassy,30/7/2016,22
494,bvasilchenkodp,2,902,Vasilchenko,19/9/2016,3
495,hdinsmoredq,3,391,Dinsmore,17/12/2016,37
496,ktwizelldr,3,738,Twizell,19/4/2017,14
497,rchaveyds,3,455,Chavey,31/5/2017,28
498,hbrundledt,3,504,Brundle,6/6/2017,29
499,ckenderdinedu,4,2350,Kenderdine,30/8/2016,25
500,ameelanddv,2,1300,Meeland,25/2/2017,4
501,cscreetondw,1,1970,Screeton,7/11/2016,23
502,tlamburnedx,1,1876,Lamburne,25/6/2016,29
503,zmaccrackendy,2,1677,MacCracken,26/11/2016,15
504,bduberydz,5,2230,Dubery,1/10/2016,37
505,aguillarte0,4,1974,Guillart,29/5/2017,44
506,rspriggene1,5,1781,Spriggen,20/10/2016,53
507,adigiacomettinoe2,1,2318,Di Giacomettino,11/8/2016,1
508,bcisece3,3,396,Cisec,16/3/2017,27
509,iblezarde4,3,1874,Blezard,13/7/2016,53
510,oroubye5,4,1849,Rouby,7/9/2016,27
511,oswettenhame6,5,2299,Swettenham,5/3/2017,37
512,mlubertoe7,1,1716,Luberto,27/11/2016,37
513,vpierroe8,3,1218,Pierro,26/3/2017,5
514,pbarkuse9,2,605,Barkus,21/9/2016,41
515,jloisiea,3,1447,Loisi,1/5/2017,31
516,chouseeb,1,2058,House,13/10/2016,28
517,tmardellec,1,2263,Mardell,24/12/2016,9
518,dhabbleed,5,1882,Habble,20/5/2017,33
519,seaglandee,2,2074,Eagland,3/2/2017,53
520,estanbridgeef,5,630,Stanbridge,10/3/2017,18
521,dkelleeg,5,2485,Kelle,22/10/2016,35
522,jvarndelleh,1,357,Varndell,29/9/2016,47
523,gdobelei,3,1238,Dobel,9/9/2016,15
524,sleaveyej,2,1812,Leavey,4/9/2016,12
525,bainleyek,2,1523,Ainley,11/11/2016,15
526,bexeterel,3,469,Exeter,29/9/2016,23
527,feaddyem,3,910,Eaddy,5/2/2017,36
528,iauburyen,2,2210,Aubury,3/6/2017,48
529,bpalethorpeeo,4,1191,Palethorpe,20/6/2016,19
530,dbascombeep,3,870,Bascombe,6/9/2016,44
531,lhawkineq,5,2339,Hawkin,16/3/2017,34
532,sdeemaner,1,2070,Deeman,27/7/2016,3
533,tcarnamanes,1,1623,Carnaman,24/10/2016,30
534,vbrattyet,3,1000,Bratty,26/3/2017,2
535,rdowyereu,4,775,Dowyer,29/10/2016,6
536,mswangerev,3,1995,Swanger,20/7/2016,21
537,tflippelliew,2,459,Flippelli,19/1/2017,5
538,gjudsonex,5,522,Judson,14/4/2017,2
539,shenzeey,4,952,Henze,19/1/2017,52
540,mristeez,1,2415,Riste,12/4/2017,17
541,ijodlkowskif0,2,416,Jodlkowski,29/4/2017,33
542,dwhightmanf1,2,900,Whightman,2/11/2016,18
543,pwoodroffef2,5,1369,Woodroffe,28/4/2017,6
544,dharbourf3,3,1915,Harbour,8/2/2017,24
545,bewinsf4,3,642,Ewins,26/4/2017,44
546,kallwellf5,3,404,Allwell,29/12/2016,12
547,cdobbynf6,1,2290,Dobbyn,13/5/2017,13
548,aklimkowskif7,1,1968,Klimkowski,14/2/2017,2
549,ihartshornf8,1,2248,Hartshorn,27/7/2016,49
550,amccafferyf9,1,1507,McCaffery,24/2/2017,14
551,kcollidgefa,5,1770,Collidge,11/1/2017,40
552,vfusterfb,4,2331,Fuster,30/5/2017,22
553,akyndredfc,4,757,Kyndred,19/1/2017,53
554,csunterfd,1,2214,Sunter,30/3/2017,11
555,pmcgauhyfe,1,495,McGauhy,13/5/2017,31
556,ameakerff,1,1603,Meaker,25/10/2016,48
557,dhousemanfg,3,1318,Houseman,11/9/2016,51
558,spimblottfh,3,696,Pimblott,24/5/2017,34
559,npllufi,3,1270,Pllu,12/8/2016,9
560,cprickettfj,1,2009,Prickett,11/3/2017,44
561,wcrosifk,4,685,Crosi,9/12/2016,3
562,fskelbeckfl,2,2205,Skelbeck,27/11/2016,24
563,baugurfm,1,2195,Augur,5/4/2017,52
564,kcarlettofn,2,1390,Carletto,22/5/2017,55
565,ioughtrightfo,2,1637,Oughtright,13/4/2017,28
566,smatthewmanfp,5,982,Matthewman,24/2/2017,21
567,caidlerfq,2,1646,Aidler,20/7/2016,12
568,wjouanetonfr,1,1359,Jouaneton,12/5/2017,13
569,rperrynfs,5,2204,Perryn,25/5/2017,3
570,aliddiardft,3,1585,Liddiard,14/1/2017,22
571,brubenczykfu,5,1131,Rubenczyk,20/7/2016,46
572,sgossefv,3,2145,Gosse,8/10/2016,11
573,tdobsonsfw,3,2293,Dobsons,3/2/2017,20
574,fhoveefx,1,347,Hovee,20/3/2017,47
575,bdaylyfy,2,465,Dayly,25/9/2016,45
576,ridefz,4,1459,Ide,7/10/2016,30
577,ndradeyg0,4,2233,Dradey,7/9/2016,38
578,ebischofg1,2,2346,Bischof,29/6/2016,55
579,sgorglerg2,1,1078,Gorgler,25/10/2016,2
580,sdaviesg3,4,417,Davies,12/12/2016,39
581,aharrellg4,5,430,Harrell,25/1/2017,54
582,klanderg5,5,307,Lander,23/8/2016,39
583,nhearng6,2,663,Hearn,22/1/2017,49
584,lcoomberg7,1,1758,Coomber,4/9/2016,55
585,bgoodieg8,2,384,Goodie,25/6/2016,46
586,watchesong9,2,699,Atcheson,12/6/2017,42
587,eschiefersteinga,3,1400,Schieferstein,14/2/2017,3
588,gmiddlehurstgb,1,466,Middlehurst,27/8/2016,28
589,kmansfordgc,4,1776,Mansford,2/4/2017,17
590,ldaycegd,5,1908,Dayce,11/6/2017,38
591,lkingstonge,1,640,Kingston,14/2/2017,41
592,switzgf,3,556,Witz,21/12/2016,30
593,kfishlygg,1,2421,Fishly,16/10/2016,53
594,hdrohanegh,3,798,Drohane,28/5/2017,44
595,rwaingi,5,855,Wain,15/9/2016,39
596,jbrocklehurstgj,5,877,Brocklehurst,11/1/2017,43
597,rattocgk,1,2101,Attoc,2/1/2017,39
598,dallnergl,1,692,Allner,8/5/2017,15
599,dbrownliegm,1,1436,Brownlie,18/9/2016,8
600,adzeniskevichgn,4,1008,Dzeniskevich,25/12/2016,27
601,sblaszczakgo,4,1456,Blaszczak,22/7/2016,21
602,lcheeldgp,1,576,Cheeld,23/11/2016,31
603,ndennettgq,5,917,Dennett,9/12/2016,39
604,esudddardgr,5,1319,Sudddard,3/12/2016,29
605,jsharplygs,3,1081,Sharply,10/6/2017,12
606,asmolangt,4,317,Smolan,19/10/2016,25
607,mziebartgu,4,820,Ziebart,30/5/2017,39
608,wmecogv,1,452,Meco,2/2/2017,45
609,afortingw,4,2394,Fortin,4/12/2016,14
610,lburdegx,2,2289,Burde,3/5/2017,31
611,wcarnewgy,2,2412,Carnew,28/1/2017,52
612,dbelchamgz,3,1207,Belcham,2/5/2017,24
613,rwellenh0,4,499,Wellen,3/9/2016,19
614,nbecceroh1,5,448,Beccero,10/7/2016,29
615,tclilverdh2,3,733,Clilverd,16/9/2016,44
616,kotooleh3,3,1120,O'Toole,20/12/2016,39
617,mgemeauh4,5,1076,Gemeau,20/8/2016,23
618,aserrierh5,2,1347,Serrier,24/11/2016,20
619,rhowsinh6,2,1826,Howsin,21/6/2016,31
620,cgallehawkh7,1,1606,Gallehawk,1/7/2016,55
621,sambroisinh8,3,2347,Ambroisin,2/10/2016,1
622,aluxenh9,1,811,Luxen,22/1/2017,17
623,kmcmonniesha,3,1916,McMonnies,9/6/2017,2
624,cavrahamhb,5,1591,Avraham,29/10/2016,52
625,rdavionhc,4,505,Davion,3/2/2017,29
626,mjohanssonhd,4,1004,Johansson,10/8/2016,11
627,arakestrawhe,5,1638,Rakestraw,29/5/2017,16
628,btheodorishf,3,1168,Theodoris,8/10/2016,31
629,egayforthhg,3,647,Gayforth,21/5/2017,6
630,uklempshh,3,1596,Klemps,19/5/2017,8
631,vgajewskihi,2,2096,Gajewski,9/11/2016,25
632,mmatthiashj,4,638,Matthias,18/10/2016,50
633,lstitcherhk,5,647,Stitcher,20/6/2016,16
634,aandreuzzihl,3,1683,Andreuzzi,4/12/2016,10
635,tbendarehm,1,865,Bendare,2/3/2017,14
636,evondruskahn,4,1969,Vondruska,3/7/2016,8
637,adevaarho,1,591,De Vaar,12/12/2016,8
638,fbumpashp,3,1339,Bumpas,3/2/2017,10
639,gbengtsenhq,2,503,Bengtsen,13/10/2016,46
640,uwalentahr,3,2423,Walenta,13/2/2017,46
641,wmacfadyenhs,2,2411,MacFadyen,24/5/2017,16
642,agremaneht,3,500,Gremane,26/2/2017,1
643,cmaunsellhu,2,2277,Maunsell,8/9/2016,44
644,fbeefonhv,5,1383,Beefon,17/11/2016,49
645,fviscovihw,3,1948,Viscovi,8/6/2017,40
646,hricardshx,1,2354,Ricards,6/3/2017,49
647,jkepehy,4,622,Kepe,10/4/2017,52
648,aodowlinghz,5,1530,O'Dowling,2/6/2017,27
649,mtieryi0,1,2450,Tiery,19/1/2017,27
650,nstirlingi1,2,821,Stirling,25/4/2017,38
651,sclausseni2,3,2497,Claussen,3/7/2016,43
652,tpessoldi3,1,1642,Pessold,3/7/2016,18
653,apetrassoi4,5,841,Petrasso,21/12/2016,47
654,gjozsikai5,5,2020,Jozsika,1/8/2016,19
655,csyratti6,4,1035,Syratt,30/12/2016,37
656,eklimkovichi7,1,1013,Klimkovich,30/4/2017,55
657,jtessymani8,3,2053,Tessyman,19/5/2017,10
658,gsiggsi9,5,1601,Siggs,25/12/2016,17
659,vcurzeyia,5,1762,Curzey,29/1/2017,7
660,ecollerib,5,724,Coller,24/5/2017,28
661,cdequinceyic,4,530,de Quincey,1/2/2017,4
662,iohegertieid,1,2064,O'Hegertie,15/12/2016,5
663,isimonianie,2,2014,Simonian,11/6/2017,36
664,bfouldesif,2,1654,Fouldes,4/8/2016,25
665,bruslingig,5,1498,Rusling,5/10/2016,30
666,asoigouxih,1,900,Soigoux,11/7/2016,20
667,hhackinii,5,618,Hackin,14/8/2016,50
668,kgoodersij,1,1083,Gooders,20/7/2016,34
669,rhartellik,5,2186,Hartell,10/4/2017,18
670,gleprovostil,3,892,Le Provost,16/7/2016,9
671,cgrasonim,3,1426,Grason,18/11/2016,33
672,ublowerin,4,1469,Blower,20/1/2017,7
673,ssandalio,2,1515,Sandal,19/6/2017,40
674,jchurchardip,1,2468,Churchard,1/9/2016,50
675,ilonsdaleiq,1,1005,Lonsdale,14/1/2017,29
676,dkleineir,2,1693,Kleine,3/5/2017,40
677,dfoadis,3,2320,Foad,3/1/2017,55
678,mrolstonit,2,1001,Rolston,5/4/2017,10
679,gdomniniu,3,2329,Domnin,27/10/2016,37
680,abaxilliv,5,2011,Baxill,1/11/2016,10
681,shullahiw,4,2025,Hullah,17/10/2016,13
682,stiremanix,2,1869,Tireman,17/9/2016,20
683,mruffiy,3,931,Ruff,2/6/2017,15
684,mbrakeriz,4,566,Braker,13/2/2017,45
685,fpatnellij0,4,534,Patnelli,19/10/2016,19
686,mpetettj1,1,2316,Petett,11/11/2016,46
687,mtrussmanj2,5,1984,Trussman,12/12/2016,21
688,mstuddeardj3,3,2323,Studdeard,22/3/2017,28
689,ishardj4,4,1443,Shard,7/1/2017,7
690,mdillistonj5,3,1726,Dilliston,6/8/2016,50
691,kconnickj6,5,2209,Connick,10/6/2017,50
692,telletonj7,3,1922,Elleton,3/1/2017,7
693,piacovazzij8,2,1002,Iacovazzi,11/11/2016,48
694,ctooheyj9,5,2257,Toohey,3/4/2017,11
695,hgostykeja,3,2350,Gostyke,5/10/2016,19
696,cstedejb,2,1231,Stede,11/1/2017,3
697,plotejc,5,1107,Lote,31/7/2016,47
698,bmclorinanjd,5,1679,McLorinan,7/6/2017,2
699,lalthropje,5,931,Althrop,28/12/2016,30
700,isikorskijf,4,1065,Sikorski,10/6/2017,8
701,gfurslandjg,2,1164,Fursland,28/2/2017,32
702,vculbardjh,5,651,Culbard,15/7/2016,13
703,dsimmanceji,2,2350,Simmance,6/11/2016,46
704,bpaolonijj,5,2133,Paoloni,8/5/2017,11
705,asappsonjk,1,425,Sappson,30/11/2016,34
706,sguntripjl,1,875,Guntrip,13/1/2017,8
707,arowlinjm,4,1878,Rowlin,7/7/2016,24
708,jglaisterjn,1,1467,Glaister,30/4/2017,34
709,ggaryjo,3,1262,Gary,13/4/2017,13
710,abalfourjp,3,880,Balfour,26/7/2016,17
711,zteodorojq,3,2186,Teodoro,16/3/2017,29
712,mcarleyjr,1,967,Carley,27/12/2016,25
713,amaytomjs,3,2149,Maytom,2/11/2016,25
714,dlebandjt,4,2120,Leband,15/7/2016,46
715,bolifardju,5,689,Olifard,28/8/2016,20
716,gmomfordjv,5,724,Momford,9/6/2017,44
717,cyujw,1,761,Yu,16/12/2016,34
718,fjedrzejczakjx,3,1595,Jedrzejczak,9/1/2017,24
719,zlaileyjy,1,828,Lailey,22/12/2016,1
720,bwoodruffjz,5,999,Woodruff,5/3/2017,50
721,jlimbertk0,4,633,Limbert,17/12/2016,20
722,lagdahlk1,5,1012,Agdahl,10/4/2017,55
723,gickeringillk2,2,659,Ickeringill,1/5/2017,48
724,pkilbournk3,1,324,Kilbourn,9/6/2017,44
725,scraigmylek4,4,2493,Craigmyle,26/6/2016,11
726,rgariffk5,1,861,Gariff,22/1/2017,26
727,sbertlink6,4,1356,Bertlin,19/2/2017,41
728,kmawfordk7,1,1654,Mawford,24/1/2017,16
729,cshadfourthk8,4,826,Shadfourth,1/9/2016,31
730,rscipseyk9,2,889,Scipsey,26/11/2016,17
731,mdundendaleka,1,2378,Dundendale,23/2/2017,7
732,mhaslockekb,2,348,Haslock(e),6/5/2017,16
733,eclubbkc,3,1589,Clubb,7/7/2016,25
734,ssmithinkd,2,1266,Smithin,24/12/2016,39
735,lmaffezzolike,2,887,Maffezzoli,24/5/2017,53
736,jpylkynytonkf,1,2144,Pylkynyton,15/7/2016,42
737,qdanovichkg,3,339,Danovich,21/8/2016,5
738,sclemenconkh,2,849,Clemencon,15/7/2016,50
739,hspilsteadki,1,677,Spilstead,18/3/2017,47
740,dlevittkj,5,536,Levitt,31/10/2016,37
741,bsamskk,1,1004,Sams,19/10/2016,29
742,egouldkl,2,530,Gould,13/2/2017,51
743,dstanbrakm,5,2250,Stanbra,9/2/2017,37
744,ssweetenhamkn,4,927,Sweetenham,25/3/2017,38
745,mruselinko,2,386,Ruselin,8/5/2017,47
746,ckirlinkp,2,707,Kirlin,18/9/2016,27
747,cfeldfisherkq,5,1857,Feldfisher,28/6/2016,13
748,cseftonkr,2,2485,Sefton,16/9/2016,14
749,mhugeninks,3,2396,Hugenin,18/8/2016,15
750,lshotterkt,3,1912,Shotter,29/6/2016,34
751,sdriverku,4,1075,Driver,6/5/2017,20
752,mleilkv,2,1973,Leil,24/3/2017,46
753,eivellkw,2,2128,Ivell,25/3/2017,55
754,gmackaigkx,2,1609,MacKaig,15/1/2017,39
755,wdorganky,1,1166,Dorgan,29/10/2016,15
756,vbacherkz,5,1743,Bacher,6/6/2017,55
757,lwhittersl0,3,2125,Whitters,2/5/2017,39
758,agewerl1,4,1736,Gewer,18/6/2017,11
759,dcatlingl2,4,733,Catling,14/12/2016,51
760,jscaplehornl3,2,1148,Scaplehorn,25/6/2016,19
761,tyaakovl4,4,1479,Yaakov,8/8/2016,36
762,rborhaml5,1,2333,Borham,20/5/2017,11
763,dzavittieril6,1,1735,Zavittieri,31/1/2017,5
764,reydenl7,2,738,Eyden,13/2/2017,9
765,udambrogil8,3,1336,D'Ambrogi,15/7/2016,32
766,aabadel9,2,1445,Abade,16/11/2016,5
767,tfilyakovla,3,619,Filyakov,8/9/2016,35
768,msikorskylb,2,2024,Sikorsky,15/11/2016,21
769,lgreaterexlc,1,1074,Greaterex,30/8/2016,39
770,ssowteld,2,2218,Sowte,8/4/2017,55
771,iwylemanle,5,1286,Wyleman,24/4/2017,40
772,rchapplelf,3,2395,Chapple,23/10/2016,8
773,lotsonlg,2,345,Otson,12/11/2016,33
774,cmcginnislh,4,1041,McGinnis,19/6/2017,48
775,rfairallli,4,1672,Fairall,15/2/2017,40
776,bshepardlj,5,2206,Shepard,8/2/2017,51
777,emelmethlk,2,1430,Melmeth,27/3/2017,15
778,kklichll,3,1638,Klich,26/1/2017,24
779,fvauselm,5,990,Vause,8/9/2016,6
780,straysln,3,458,Trays,7/2/2017,48
781,jpellmanlo,4,1421,Pellman,22/3/2017,33
782,eharborlp,2,681,Harbor,12/2/2017,38
783,jviggerslq,1,2196,Viggers,9/9/2016,55
784,hpyattlr,1,1242,Pyatt,27/12/2016,8
785,emelloils,1,1423,Melloi,3/4/2017,9
786,agorricklt,3,769,Gorrick,27/10/2016,2
787,mnotmanlu,3,1558,Notman,18/4/2017,16
788,emacdavittlv,1,1540,MacDavitt,12/5/2017,1
789,tsyslandlw,2,824,Sysland,24/5/2017,13
790,gfrancesconilx,2,2375,Francesconi,23/2/2017,5
791,rgiorgionely,2,801,Giorgione,27/11/2016,14
792,eprandolz,5,1355,Prando,28/1/2017,38
793,fohairem0,4,1446,O'Haire,22/12/2016,15
794,ccansfieldm1,5,643,Cansfield,8/1/2017,47
795,alyfem2,4,2091,Lyfe,19/5/2017,45
796,mlipmannm3,4,2341,Lipmann,1/2/2017,1
797,jpidgeonm4,3,2210,Pidgeon,27/9/2016,46
798,vbaggem5,4,401,Bagge,25/5/2017,9
799,ewiddowsonm6,5,1556,Widdowson,13/5/2017,51
800,imurtimerm7,2,1462,Murtimer,4/4/2017,20
801,tmorsheadm8,5,350,Morshead,26/5/2017,49
802,btesaurom9,1,1244,Tesauro,16/8/2016,32
803,gszymanzykma,5,1291,Szymanzyk,12/3/2017,14
804,djointmb,2,767,Joint,3/4/2017,45
805,irumblemc,5,1234,Rumble,24/8/2016,17
806,slambdinmd,2,944,Lambdin,6/11/2016,21
807,rionsme,5,1447,Ions,22/5/2017,20
808,dcrangmf,5,1434,Crang,11/9/2016,6
809,cudallmg,4,2483,Udall,9/10/2016,14
810,gkuschelmh,5,1045,Kuschel,9/1/2017,28
811,jsandbrookmi,1,1030,Sandbrook,19/9/2016,36
812,spickhavermj,3,313,Pickhaver,9/7/2016,45
813,wsurgeonermk,4,2230,Surgeoner,16/1/2017,18
814,flaurentinml,4,1839,Laurentin,3/10/2016,6
815,lwightmanmm,1,807,Wightman,6/6/2017,21
816,cdriversmn,1,344,Drivers,8/11/2016,48
817,mkorbmo,3,926,Korb,3/2/2017,11
818,mweightmanmp,4,1607,Weightman,21/10/2016,21
819,ribotsonmq,5,2147,Ibotson,13/1/2017,34
820,fgennrichmr,3,1374,Gennrich,26/12/2016,19
821,mcaveaums,5,826,Caveau,2/2/2017,28
822,spetworthmt,5,1999,Petworth,16/1/2017,25
823,rburlaymu,4,2363,Burlay,22/6/2016,5
824,mcarnockmv,2,583,Carnock,27/10/2016,10
825,gbatecokmw,3,2219,Batecok,1/9/2016,36
826,gheedmx,4,1657,Heed,24/3/2017,26
827,dfitzsimonmy,1,441,Fitzsimon,11/4/2017,33
828,btrunkfieldmz,1,932,Trunkfield,14/9/2016,23
829,rjedrychn0,1,1344,Jedrych,22/4/2017,12
830,genokssonn1,1,663,Enoksson,3/10/2016,21
831,camayan2,2,1692,Amaya,19/5/2017,1
832,sjerredn3,1,1675,Jerred,13/8/2016,19
833,itrenemann4,4,1579,Treneman,18/11/2016,19
834,crichfieldn5,2,1503,Richfield,20/5/2017,55
835,ekittleyn6,1,303,Kittley,14/12/2016,3
836,rmcpeaken7,1,1920,McPeake,25/5/2017,46
837,mjacobsenn8,4,1222,Jacobsen,9/10/2016,14
838,bwilbrahamn9,2,1651,Wilbraham,21/8/2016,11
839,bglazerna,2,1059,Glazer,23/9/2016,31
840,jwallheadnb,5,1272,Wallhead,28/12/2016,44
841,bduggennc,3,1859,Duggen,10/11/2016,39
842,lcaffnd,5,1416,Caff,13/11/2016,38
843,fbeardsleyne,3,303,Beardsley,16/4/2017,29
844,hsprynf,2,2095,Spry,14/2/2017,1
845,kmcinteeng,2,531,McIntee,13/12/2016,32
846,kalbasininh,3,758,Albasini,10/11/2016,6
847,cbifieldni,5,1711,Bifield,24/2/2017,5
848,palastairnj,2,1576,Alastair,21/12/2016,34
849,capplefordnk,3,1448,Appleford,11/3/2017,48
850,gblythenl,2,2350,Blythe,2/10/2016,19
851,skingswellnm,3,1045,Kingswell,27/2/2017,34
852,keynaldnn,1,2287,Eynald,30/8/2016,36
853,clarrawayno,1,1413,Larraway,13/1/2017,9
854,scoenraetsnp,2,939,Coenraets,12/7/2016,6
855,alangleynq,2,428,Langley,22/12/2016,53
856,tbraddonnr,3,784,Braddon,7/3/2017,42
857,bglabachns,5,2270,Glabach,19/3/2017,44
858,rmarthennt,3,2173,Marthen,27/7/2016,31
859,mclaringboldnu,2,2213,Claringbold,15/6/2017,13
860,dacenv,5,2213,Ace,13/1/2017,40
861,olikelynw,2,2396,Likely,23/7/2016,19
862,kcroydennx,2,812,Croyden,19/1/2017,52
863,gosbaldstoneny,5,1162,Osbaldstone,10/8/2016,4
864,hwillansnz,2,997,Willans,22/4/2017,48
865,gmoleno0,3,2363,Molen,27/1/2017,17
866,jsaxbyo1,2,1832,Saxby,19/7/2016,5
867,kbrugdeno2,5,2328,Brugden,7/8/2016,5
868,cferruccio3,3,1511,Ferrucci,13/9/2016,23
869,soxfordo4,5,2316,Oxford,18/2/2017,34
870,rickovicio5,4,2168,Ickovici,13/1/2017,19
871,fgomezo6,1,1133,Gomez,23/10/2016,18
872,sissacsono7,1,1876,Issacson,8/2/2017,26
873,lmoresbyo8,5,1472,Moresby,8/10/2016,28
874,mberko9,2,854,Berk,3/6/2017,3
875,kvaladezoa,2,2437,Valadez,1/1/2017,54
876,apontingob,5,743,Ponting,21/8/2016,5
877,mmurrilloc,5,1490,Murrill,28/8/2016,39
878,mcawsonod,4,1564,Cawson,2/1/2017,54
879,rwiginoe,4,2024,Wigin,26/3/2017,38
880,nsmalleyof,4,2005,Smalley,16/10/2016,46
881,tellyattog,3,1563,Ellyatt,3/6/2017,51
882,csouthernoh,2,1387,Southern,23/2/2017,29
883,mbullivantoi,4,410,Bullivant,9/9/2016,47
884,eyosselevitchoj,4,1973,Yosselevitch,29/1/2017,1
885,smaundrellok,1,925,Maundrell,9/10/2016,35
886,dsoallol,5,1155,Soall,5/6/2017,44
887,dcapelleom,1,1247,Capelle,10/11/2016,13
888,ekoppson,3,707,Kopps,27/5/2017,21
889,rdownageoo,1,1383,Downage,14/5/2017,9
890,dperrygoop,3,671,Perrygo,22/7/2016,37
891,mpicktonoq,1,1687,Pickton,3/10/2016,55
892,ftudhopeor,2,2349,Tudhope,26/12/2016,36
893,ahousamos,4,1389,Housam,7/8/2016,9
894,zshealsot,1,807,Sheals,14/10/2016,37
895,dslessarou,3,1270,Slessar,29/1/2017,4
896,kallredov,2,775,Allred,5/10/2016,54
897,obourdiceow,2,2369,Bourdice,19/11/2016,45
898,mjaffraox,2,1127,Jaffra,25/7/2016,14
899,cwoolmeroy,4,1122,Woolmer,10/2/2017,52
900,nchanceoz,4,1088,Chance,27/1/2017,14
901,ukobierieckip0,2,648,Kobieriecki,21/2/2017,21
902,bmatressep1,5,933,Matresse,26/3/2017,2
903,cgeorgiadesp2,3,1178,Georgiades,24/4/2017,53
904,tspybeyp3,3,373,Spybey,29/1/2017,36
905,kplasterp4,4,1794,Plaster,24/11/2016,13
906,jwhewellp5,2,2202,Whewell,26/4/2017,31
907,bgladwellp6,1,1811,Gladwell,22/5/2017,33
908,jtookp7,1,1890,Took,30/12/2016,13
909,tfrainep8,4,2180,Fraine,12/12/2016,18
910,knialp9,2,1315,Nial,11/1/2017,42
911,mguarnierpa,2,1692,Guarnier,16/2/2017,26
912,slawrinsonpb,2,1036,Lawrinson,12/12/2016,53
913,fnisbypc,3,1349,Nisby,28/12/2016,49
914,lcamockpd,5,1666,Camock,20/6/2016,30
915,khaytonpe,4,1002,Hayton,22/6/2016,32
916,etowheypf,1,2038,Towhey,2/11/2016,53
917,dtollemachepg,2,387,Tollemache,27/6/2016,22
918,cmarinph,3,543,Marin,12/7/2016,53
919,lmatissepi,1,810,Matisse,19/1/2017,22
920,ksherwenpj,2,1521,Sherwen,1/8/2016,47
921,knurnypk,2,452,Nurny,9/4/2017,16
922,tcrantonpl,4,1630,Cranton,27/3/2017,35
923,tshearmurpm,1,387,Shearmur,29/5/2017,6
924,iratterypn,4,1247,Rattery,24/9/2016,11
925,rkneelpo,4,1533,Kneel,9/6/2017,29
926,epillingpp,2,326,Pilling,3/4/2017,29
927,ggaucherpq,3,1901,Gaucher,28/3/2017,46
928,achildpr,1,937,Child,11/1/2017,13
929,ndelveps,3,552,Delve,26/11/2016,27
930,tclinchpt,3,1154,Clinch,22/10/2016,29
931,jkirrenspu,4,1999,Kirrens,19/6/2017,6
932,msprottpv,4,2340,Sprott,4/7/2016,45
933,rtourlepw,5,473,Tourle,23/12/2016,42
934,vbatterspx,3,2479,Batters,27/5/2017,49
935,wpenkmanpy,3,1483,Penkman,12/12/2016,23
936,asalthousepz,5,480,Salthouse,23/6/2016,43
937,zkezourecq0,5,820,Kezourec,1/9/2016,27
938,tfaillq1,5,1642,Faill,4/4/2017,18
939,kcardowq2,1,313,Cardow,22/3/2017,42
940,sabreheartq3,1,2108,Abreheart,17/5/2017,19
941,gswaitq4,4,1506,Swait,10/2/2017,24
942,mtimlinq5,4,1311,Timlin,11/2/2017,30
943,esutchq6,4,1525,Sutch,19/11/2016,48
944,dlebarrq7,5,1514,Le Barr,2/11/2016,32
945,dmionq8,3,512,Mion,30/10/2016,28
946,madrianiq9,2,1858,Adriani,4/9/2016,7
947,ahamprechtqa,2,564,Hamprecht,16/5/2017,7
948,pdrustqb,4,1924,Drust,16/11/2016,30
949,hhornigqc,3,2381,Hornig,18/3/2017,40
950,egomesqd,4,2063,Gomes,5/5/2017,36
951,cwaitonqe,5,2315,Waiton,21/7/2016,51
952,jkoschekqf,4,1015,Koschek,26/11/2016,13
953,hquestierqg,4,1199,Questier,1/4/2017,32
954,gjellmanqh,3,1194,Jellman,6/9/2016,5
955,hainsbyqi,1,723,Ainsby,4/11/2016,31
956,bnewboldqj,1,1944,Newbold,14/11/2016,50
957,mpeeteqk,4,1457,Peete,17/10/2016,1
958,eohanessianql,2,1078,Ohanessian,7/7/2016,23
959,wsolleyqm,1,1350,Solley,2/3/2017,10
960,bgoodbanqn,2,379,Goodban,15/3/2017,38
961,kdudsonqo,2,570,Dudson,28/8/2016,50
962,sripperqp,2,904,Ripper,10/5/2017,49
963,lrickeardqq,5,1907,Rickeard,10/5/2017,47
964,mkopelmanqr,5,1754,Kopelman,8/2/2017,13
965,bharcarseqs,2,1393,Harcarse,11/1/2017,22
966,scrumbyqt,2,1823,Crumby,1/12/2016,45
967,thainsworthqu,4,1761,Hainsworth,25/11/2016,49
968,troycraftqv,1,1633,Roycraft,23/10/2016,20
969,klyndqw,4,1281,Lynd,6/5/2017,19
970,cphilbrickqx,3,803,Philbrick,18/6/2017,25
971,hkikkeqy,1,1426,Kikke,24/12/2016,12
972,ccoyleqz,4,2396,Coyle,26/12/2016,34
973,deayrsr0,4,872,Eayrs,15/4/2017,40
974,labeler1,3,2234,Abele,4/6/2017,8
975,trentonr2,4,1600,Renton,24/2/2017,50
976,gtrelevenr3,3,1114,Treleven,18/5/2017,31
977,dcaserr4,3,2097,Caser,8/4/2017,42
978,adryburghr5,1,988,Dryburgh,19/7/2016,31
979,kkieferr6,1,436,Kiefer,5/2/2017,51
980,cpinsentr7,4,1208,Pinsent,17/2/2017,18
981,ochallesr8,2,1461,Challes,22/2/2017,29
982,tmeesr9,2,856,Mees,16/8/2016,52
983,kjennyra,3,572,Jenny,21/7/2016,52
984,afosterrb,3,1877,Foster,23/1/2017,20
985,gbonhomerc,5,1002,Bonhome,28/4/2017,22
986,bgiraudotrd,1,411,Giraudot,21/12/2016,39
987,oalltimesre,3,2415,Alltimes,31/8/2016,43
988,bcottierrf,4,1241,Cottier,4/2/2017,44
989,tmountcastlerg,2,1584,Mountcastle,11/12/2016,40
990,ctroakrh,5,1945,Troak,16/12/2016,38
991,ctoveyri,3,1709,Tovey,24/8/2016,36
992,dknowlsonrj,3,2094,Knowlson,19/9/2016,7
993,blefleyrk,1,2308,Lefley,7/10/2016,40
994,hseakingrl,3,902,Seaking,5/2/2017,21
995,lucchinorm,3,975,Ucchino,25/9/2016,39
996,kwandreyrn,3,1459,Wandrey,3/3/2017,49
997,gdeclairmontro,3,933,De Clairmont,31/3/2017,2
998,lpinfoldrp,4,2043,Pinfold,30/1/2017,37
999,wscadrq,2,2036,Scad,18/11/2016,17
1000,nmorffewrr,1,418,Morffew,25/1/2017,9
